{
  "0": {
    "precision": 0.8372093023255814,
    "recall": 0.9,
    "f1-score": 0.8674698795180723,
    "support": 40.0
  },
  "1": {
    "precision": 0.75,
    "recall": 0.631578947368421,
    "f1-score": 0.6857142857142857,
    "support": 19.0
  },
  "accuracy": 0.8135593220338984,
  "macro avg": {
    "precision": 0.7936046511627908,
    "recall": 0.7657894736842106,
    "f1-score": 0.776592082616179,
    "support": 59.0
  },
  "weighted avg": {
    "precision": 0.8091249507292078,
    "recall": 0.8135593220338984,
    "f1-score": 0.8089384171066835,
    "support": 59.0
  }
}